{"accuracy": [0.4947916567325592, 0.7174479365348816, 0.79296875, 0.8645833134651184, 0.9055989384651184, 0.9401041865348816, 0.9329426884651184, 0.9596354365348816, 0.9641926884651184, 0.966796875], "loss": [1.4497712850570679, 0.7109935283660889, 0.5136516094207764, 0.36257004737854004, 0.2595454752445221, 0.1862313598394394, 0.1821727305650711, 0.1146109327673912, 0.11362060159444809, 0.0982523262500763], "val_accuracy": [0.6779140830039978, 0.7760736346244812, 0.8650306463241577, 0.9141104221343994, 0.9355828166007996, 0.9233129024505615, 0.9509202241897583, 0.9662576913833618, 0.9754601120948792, 0.9631901979446411], "val_loss": [0.7646610140800476, 0.532975435256958, 0.36601272225379944, 0.2617148756980896, 0.21325822174549103, 0.20825770497322083, 0.1529615819454193, 0.09801594913005829, 0.08162319660186768, 0.11530301719903946]}