{"accuracy": [0.3131510317325592, 0.337890625, 0.3385416567325592, 0.3424479067325592, 0.3424479067325592, 0.3424479067325592, 0.3424479067325592, 0.3424479067325592, 0.3424479067325592, 0.3424479067325592], "loss": [9.508697509765625, 1.0990431308746338, 1.1011813879013062, 1.0984832048416138, 1.0987180471420288, 1.0986841917037964, 1.0985479354858398, 1.0987939834594727, 1.0982972383499146, 1.0985521078109741], "val_accuracy": [0.34355828166007996, 0.3558282256126404, 0.34355828166007996, 0.34355828166007996, 0.34355828166007996, 0.34355828166007996, 0.34355828166007996, 0.34355828166007996, 0.34355828166007996, 0.34355828166007996], "val_loss": [1.0966238975524902, 1.0978928804397583, 1.0984554290771484, 1.0984408855438232, 1.098418116569519, 1.0984528064727783, 1.0984207391738892, 1.0983757972717285, 1.0983420610427856, 1.0983127355575562]}