{
  "n_blocks": 3,
  "base_filters": 32,
  "learning_rate": 0.001,
  "dense_units": 256,
  "epochs": 20,
  "best_val_acc": 0.9815950989723206,
  "best_val_loss": 0.04424513503909111
}