{"accuracy": [0.4322916567325592, 0.5091145634651184, 0.603515625, 0.6145833134651184, 0.6197916865348816, 0.6341145634651184, 0.6653645634651184, 0.6829426884651184, 0.6627604365348816, 0.6842448115348816, 0.7356770634651184, 0.7395833134651184, 0.7376301884651184, 0.7623698115348816, 0.7513020634651184], "loss": [6.181178569793701, 0.9731593132019043, 0.8821118474006653, 0.8518187999725342, 0.8285271525382996, 0.7850138545036316, 0.6938444972038269, 0.6172324419021606, 0.6434285044670105, 0.5727447867393494, 0.5038876533508301, 0.4935305416584015, 0.48795270919799805, 0.46251440048217773, 0.4718194007873535], "val_accuracy": [0.6012269854545593, 0.4049079716205597, 0.38650307059288025, 0.5214723944664001, 0.5674846768379211, 0.43865031003952026, 0.5245398879051208, 0.8251533508300781, 0.8190184235572815, 0.8558282256126404, 0.7699386477470398, 0.9447852969169617, 0.9294478297233582, 0.9447852969169617, 0.9386503100395203], "val_loss": [1.0703812837600708, 1.0014702081680298, 0.9919643998146057, 1.0735869407653809, 0.9400426149368286, 0.977306604385376, 0.9401671290397644, 0.7834263443946838, 0.7013700604438782, 0.5916480422019958, 0.5423751473426819, 0.26787683367729187, 0.26472413539886475, 0.18377815186977386, 0.24382735788822174]}