{"accuracy": [0.4225260317325592, 0.7278645634651184, 0.8697916865348816, 0.921875, 0.935546875, 0.9524739384651184, 0.9427083134651184, 0.9641926884651184, 0.9609375, 0.9661458134651184, 0.958984375, 0.9798176884651184, 0.9772135615348816, 0.9778645634651184, 0.9752604365348816, 0.9765625, 0.9772135615348816], "loss": [1.163375973701477, 0.7027485370635986, 0.33684051036834717, 0.23215335607528687, 0.18584738671779633, 0.1354939490556717, 0.1552196443080902, 0.1237335130572319, 0.10313916206359863, 0.11164102703332901, 0.11853694170713425, 0.06160767003893852, 0.07762918621301651, 0.081642746925354, 0.06661320477724075, 0.059736400842666626, 0.06804518401622772], "val_accuracy": [0.453987717628479, 0.8926380276679993, 0.9263803958892822, 0.9355828166007996, 0.953987717628479, 0.9478527903556824, 0.9570552110671997, 0.9601227045059204, 0.9447852969169617, 0.9631901979446411, 0.9723926186561584, 0.9785276055335999, 0.9662576913833618, 0.9815950989723206, 0.9785276055335999, 0.9754601120948792, 0.9785276055335999], "val_loss": [0.994655966758728, 0.3451395332813263, 0.18765123188495636, 0.16708767414093018, 0.13687190413475037, 0.1615988314151764, 0.12295206636190414, 0.11493781954050064, 0.16612961888313293, 0.10395506769418716, 0.08542536199092865, 0.06372588872909546, 0.07208091765642166, 0.04424513503909111, 0.06477817893028259, 0.0970081239938736, 0.0640442818403244]}