{
  "trial": 1,
  "n_blocks": 2,
  "base_filters": 64,
  "dense_units": 128,
  "spatial_dropout": 0.0,
  "dropout_head": 0.4,
  "l2_reg": 0.0001,
  "learning_rate": 0.0002481624443014984,
  "use_batchnorm": true,
  "epochs": 15,
  "best_val_acc": 0.8895705342292786,
  "best_val_loss": 0.502063512802124
}