{
  "trial": 4,
  "n_blocks": 4,
  "base_filters": 64,
  "dense_units": 256,
  "spatial_dropout": 0.1,
  "dropout_head": 0.4,
  "l2_reg": 0.0,
  "learning_rate": 2.8475898979226043e-05,
  "use_batchnorm": true,
  "epochs": 25,
  "best_val_acc": 0.9846625924110413,
  "best_val_loss": 0.05120587348937988
}