{
  "trial": 8,
  "n_blocks": 4,
  "base_filters": 32,
  "dense_units": 512,
  "spatial_dropout": 0.1,
  "dropout_head": 0.5,
  "l2_reg": 0.0001,
  "learning_rate": 0.0008610323423725228,
  "use_batchnorm": true,
  "epochs": 15,
  "best_val_acc": 0.9815950989723206,
  "best_val_loss": 0.2496567964553833
}