{
  "accuracy": [
    0.4329427182674408,
    0.546875,
    0.611328125,
    0.6829426884651184,
    0.70703125,
    0.73828125,
    0.7877604365348816,
    0.7838541865348816,
    0.82421875,
    0.8287760615348816,
    0.8567708134651184,
    0.8587239384651184,
    0.875,
    0.8815104365348816,
    0.9069010615348816
  ],
  "loss": [
    1.1698802709579468,
    0.9911250472068787,
    0.908410370349884,
    0.8274210095405579,
    0.7887244820594788,
    0.7409369945526123,
    0.6870629191398621,
    0.6568984389305115,
    0.6204244494438171,
    0.5937522053718567,
    0.5468551516532898,
    0.5128553509712219,
    0.49022021889686584,
    0.4693094491958618,
    0.4292229413986206
  ],
  "val_accuracy": [
    0.34355828166007996,
    0.4141104221343994,
    0.3527607321739197,
    0.4079754650592804,
    0.5797545909881592,
    0.696319043636322,
    0.745398759841919,
    0.7515337467193604,
    0.8067484498023987,
    0.7484662532806396,
    0.754601240158081,
    0.8282208442687988,
    0.6779140830039978,
    0.7208588719367981,
    0.6932515501976013
  ],
  "val_loss": [
    1.1739675998687744,
    1.1508777141571045,
    1.1065689325332642,
    1.0637506246566772,
    0.993098795413971,
    0.9452013969421387,
    0.8611152768135071,
    0.8018788695335388,
    0.6921623349189758,
    0.6345972418785095,
    0.6067104935646057,
    0.537339448928833,
    0.6773359775543213,
    0.6546123623847961,
    0.7607500553131104
  ],
  "learning_rate": [
    0.0002481624542269856,
    0.0002481624542269856,
    0.0002481624542269856,
    0.0002481624542269856,
    0.0002481624542269856,
    0.0002481624542269856,
    0.0002481624542269856,
    0.0002481624542269856,
    0.0002481624542269856,
    0.0002481624542269856,
    0.0002481624542269856,
    0.0002481624542269856,
    0.0002481624542269856,
    0.0002481624542269856,
    0.0001240812271134928
  ]
}