{
  "accuracy": [
    0.5260416865348816,
    0.7578125,
    0.86328125,
    0.88671875,
    0.9055989384651184,
    0.923828125,
    0.9173176884651184,
    0.9401041865348816,
    0.953125,
    0.951171875,
    0.9680989384651184,
    0.9635416865348816,
    0.9772135615348816,
    0.9752604365348816,
    0.9772135615348816
  ],
  "loss": [
    7.7808918952941895,
    0.846493661403656,
    0.622765839099884,
    0.5470119714736938,
    0.47251570224761963,
    0.407560259103775,
    0.40050533413887024,
    0.367166131734848,
    0.3507140576839447,
    0.33908557891845703,
    0.3089011609554291,
    0.2927176356315613,
    0.2520810663700104,
    0.26355358958244324,
    0.25476932525634766
  ],
  "val_accuracy": [
    0.44171780347824097,
    0.803680956363678,
    0.8865030407905579,
    0.7760736346244812,
    0.8987730145454407,
    0.9141104221343994,
    0.9018405079841614,
    0.9233129024505615,
    0.9233129024505615,
    0.9263803958892822,
    0.9478527903556824,
    0.9723926186561584,
    0.9754601120948792,
    0.9785276055335999,
    0.9723926186561584
  ],
  "val_loss": [
    3.234890937805176,
    0.8073741793632507,
    0.6907055974006653,
    0.7404465079307556,
    0.5009533762931824,
    0.45780009031295776,
    0.4709688425064087,
    0.40661415457725525,
    0.4294856786727905,
    0.42755642533302307,
    0.3892023265361786,
    0.2637243866920471,
    0.2829434871673584,
    0.2200743556022644,
    0.2553911507129669
  ],
  "learning_rate": [
    0.0008610323420725763,
    0.0008610323420725763,
    0.0008610323420725763,
    0.0008610323420725763,
    0.0008610323420725763,
    0.0008610323420725763,
    0.0008610323420725763,
    0.0008610323420725763,
    0.0008610323420725763,
    0.0008610323420725763,
    0.00043051617103628814,
    0.00043051617103628814,
    0.00043051617103628814,
    0.00043051617103628814,
    0.00043051617103628814
  ]
}