{
  "accuracy": [
    0.5325520634651184,
    0.7545573115348816,
    0.8092448115348816,
    0.8470051884651184,
    0.8639323115348816,
    0.8938801884651184,
    0.8971354365348816,
    0.916015625,
    0.9114583134651184,
    0.923828125,
    0.9270833134651184,
    0.9361979365348816,
    0.9375,
    0.9407551884651184,
    0.9440104365348816,
    0.9427083134651184,
    0.9537760615348816,
    0.953125,
    0.9596354365348816,
    0.9596354365348816,
    0.96484375,
    0.9596354365348816,
    0.9635416865348816,
    0.9654948115348816,
    0.96484375
  ],
  "loss": [
    1.2167359590530396,
    0.6263783574104309,
    0.48596158623695374,
    0.391996830701828,
    0.3531591594219208,
    0.2946091592311859,
    0.2753234803676605,
    0.24293828010559082,
    0.2375321239233017,
    0.20462411642074585,
    0.208445742726326,
    0.1811278611421585,
    0.17838217318058014,
    0.17129194736480713,
    0.16460539400577545,
    0.17062677443027496,
    0.12930384278297424,
    0.1374618113040924,
    0.12526731193065643,
    0.11674772948026657,
    0.10198403149843216,
    0.12369898706674576,
    0.10722365975379944,
    0.10048746317625046,
    0.10504787415266037
  ],
  "val_accuracy": [
    0.5276073813438416,
    0.5766870975494385,
    0.4631901979446411,
    0.4631901979446411,
    0.5736196041107178,
    0.6319018602371216,
    0.8466257452964783,
    0.8711656332015991,
    0.9049080014228821,
    0.9294478297233582,
    0.9601227045059204,
    0.9631901979446411,
    0.9631901979446411,
    0.9601227045059204,
    0.9723926186561584,
    0.9723926186561584,
    0.9846625924110413,
    0.9815950989723206,
    0.9754601120948792,
    0.9815950989723206,
    0.9815950989723206,
    0.9846625924110413,
    0.9846625924110413,
    0.9846625924110413,
    0.9846625924110413
  ],
  "val_loss": [
    0.9683210849761963,
    0.9317730665206909,
    0.9468781352043152,
    0.9455463290214539,
    0.8336054086685181,
    0.6913478970527649,
    0.40454545617103577,
    0.31203556060791016,
    0.25654494762420654,
    0.19557367265224457,
    0.1381731480360031,
    0.134906604886055,
    0.12428122013807297,
    0.11608438193798065,
    0.1005241870880127,
    0.10984313488006592,
    0.08651842921972275,
    0.08913661539554596,
    0.09661303460597992,
    0.07938595116138458,
    0.08635906130075455,
    0.0709940567612648,
    0.07327620685100555,
    0.071480892598629,
    0.05120587348937988
  ],
  "learning_rate": [
    2.8475898943725042e-05,
    2.8475898943725042e-05,
    2.8475898943725042e-05,
    2.8475898943725042e-05,
    1.4237949471862521e-05,
    1.4237949471862521e-05,
    1.4237949471862521e-05,
    1.4237949471862521e-05,
    1.4237949471862521e-05,
    1.4237949471862521e-05,
    1.4237949471862521e-05,
    1.4237949471862521e-05,
    1.4237949471862521e-05,
    1.4237949471862521e-05,
    1.4237949471862521e-05,
    1.4237949471862521e-05,
    1.4237949471862521e-05,
    1.4237949471862521e-05,
    1.4237949471862521e-05,
    7.1189747359312605e-06,
    7.1189747359312605e-06,
    7.1189747359312605e-06,
    7.1189747359312605e-06,
    7.1189747359312605e-06,
    3.5594873679656303e-06
  ]
}